Countries,Afghanistan,Afghanistan.nc
Countries,Albania,Albania.nc
Countries,Algeria,Algeria.nc
Countries,Angola,Angola.nc
Countries,Argentina,Argentina.nc
Countries,Armenia,Armenia.nc
Countries,Australia,Australia.nc
Countries,Austria,Austria.nc
Countries,Azerbaijan,Azerbaijan.nc
Countries,Bangladesh,Bangladesh.nc
Countries,Belarus,Belarus.nc
Countries,Belgium,Belgium.nc
Countries,Belize,Belize.nc
Countries,Benin,Benin.nc
Countries,Bhutan,Bhutan.nc
Countries,Bolivia,Bolivia.nc
Countries,Bosnia & Herzegovina,Bosnia & Herzegovina.nc
Countries,Botswana,Botswana.nc
Countries,Brazil,Brazil.nc
Countries,Bulgaria,Bulgaria.nc
Countries,Burkina Faso,Burkina Faso.nc
Countries,Burundi,Burundi.nc
Countries,Cambodia,Cambodia.nc
Countries,Cameroon,Cameroon.nc
Countries,Canada,Canada.nc
Countries,Central African Republic,Central African Republic.nc
Countries,Chad,Chad.nc
Countries,Chile,Chile.nc
Countries,China,China.nc
Countries,Colombia,Colombia.nc
Countries,Congo (DRC),Congo (DRC).nc
Countries,Congo,Congo.nc
Countries,Costa Rica,Costa Rica.nc
Countries,Cote d'Ivory,Cote d'Ivory.nc
Countries,Croatia,Croatia.nc
Countries,Cuba,Cuba.nc
Countries,Czech Republic,Czech Republic.nc
Countries,Denmark,Denmark.nc
Countries,Djibouti,Djibouti.nc
Countries,Dominican Republic,Dominican Republic.nc
Countries,East Timor,East Timor.nc
Countries,Ecuador,Ecuador.nc
Countries,Egypt,Egypt.nc
Countries,El Salvador,El Salvador.nc
Countries,Equatorial Guinea,Equatorial Guinea.nc
Countries,Eritrea,Eritrea.nc
Countries,Estonia,Estonia.nc
Countries,Ethiopia,Ethiopia.nc
Countries,Fiji,Fiji.nc
Countries,Finland,Finland.nc
Countries,France,France.nc
Countries,French Guiana,French Guiana.nc
Countries,Gabon,Gabon.nc
Countries,Georgia,Georgia.nc
Countries,Germany,Germany.nc
Countries,Ghana,Ghana.nc
Countries,Greece,Greece.nc
Countries,Greenland,Greenland.nc
Countries,Guatemala,Guatemala.nc
Countries,Guinea-Bissau,Guinea-Bissau.nc
Countries,Guinea,Guinea.nc
Countries,Guyana,Guyana.nc
Countries,Haiti,Haiti.nc
Countries,Honduras,Honduras.nc
Countries,Hungary,Hungary.nc
Countries,Iceland,Iceland.nc
Countries,India,India.nc
Countries,Indonesia,Indonesia.nc
Countries,Iran,Iran.nc
Countries,Iraq,Iraq.nc
Countries,Ireland,Ireland.nc
Countries,Israel,Israel.nc
Countries,Italy,Italy.nc
Countries,Japan,Japan.nc
Countries,Jordan,Jordan.nc
Countries,Kazakhstan,Kazakhstan.nc
Countries,Kenya,Kenya.nc
Countries,Kuwait,Kuwait.nc
Countries,Kyrgyzstan,Kyrgyzstan.nc
Countries,Laos,Laos.nc
Countries,Latvia,Latvia.nc
Countries,Lesotho,Lesotho.nc
Countries,Liberia,Liberia.nc
Countries,Libya,Libya.nc
Countries,Lithuania,Lithuania.nc
Countries,Macedonia,Macedonia.nc
Countries,Madagascar,Madagascar.nc
Countries,Malawi,Malawi.nc
Countries,Malaysia,Malaysia.nc
Countries,Mali,Mali.nc
Countries,Mauritania,Mauritania.nc
Countries,Mexico,Mexico.nc
Countries,Moldova,Moldova.nc
Countries,Mongolia,Mongolia.nc
Countries,Morocco,Morocco.nc
Countries,Mozambique,Mozambique.nc
Countries,Myanmar,Myanmar.nc
Countries,Namibia,Namibia.nc
Countries,Nepal,Nepal.nc
Countries,Netherlands,Netherlands.nc
Countries,New Caledonia,New Caledonia.nc
Countries,New Zealand,New Zealand.nc
Countries,Nicaragua,Nicaragua.nc
Countries,Nigeria,Nigeria.nc
Countries,Niger,Niger.nc
Countries,North Korea,North Korea.nc
Countries,Norway,Norway.nc
Countries,Oman,Oman.nc
Countries,Pakistan,Pakistan.nc
Countries,Panama,Panama.nc
Countries,Papua New Guinea,Papua New Guinea.nc
Countries,Paraguay,Paraguay.nc
Countries,Peru,Peru.nc
Countries,Philippines,Philippines.nc
Countries,Poland,Poland.nc
Countries,Portugal,Portugal.nc
Countries,Romania,Romania.nc
Countries,Russia,Russia.nc
Countries,Rwanda,Rwanda.nc
Countries,Saudi Arabia,Saudi Arabia.nc
Countries,Senegal,Senegal.nc
Countries,Serbia,Serbia.nc
Countries,Sierra Leone,Sierra Leone.nc
Countries,Slovakia,Slovakia.nc
Countries,Slovenia,Slovenia.nc
Countries,Solomon Is,Solomon Is..nc
Countries,Somalia,Somalia.nc
Countries,South Africa,South Africa.nc
Countries,South Korea,South Korea.nc
Countries,Spain,Spain.nc
Countries,Sri Lanka,Sri Lanka.nc
Countries,Sudan,Sudan.nc
Countries,Suriname,Suriname.nc
Countries,Svalbard,Svalbard.nc
Countries,Swaziland,Swaziland.nc
Countries,Sweden,Sweden.nc
Countries,Switzerland,Switzerland.nc
Countries,Syria,Syria.nc
Countries,Taiwan,Taiwan.nc
Countries,Tajikistan,Tajikistan.nc
Countries,Tanzania,Tanzania.nc
Countries,Thailand,Thailand.nc
Countries,Togo,Togo.nc
Countries,Tunisia,Tunisia.nc
Countries,Turkey,Turkey.nc
Countries,Turkmenistan,Turkmenistan.nc
Countries,Uganda,Uganda.nc
Countries,Ukraine,Ukraine.nc
Countries,United Arab Emirates,United Arab Emirates.nc
Countries,United Kingdom,United Kingdom.nc
Countries,United States,United States.nc
Countries,Uruguay,Uruguay.nc
Countries,Uzbekistan,Uzbekistan.nc
Countries,Venezuela,Venezuela.nc
Countries,Vietnam,Vietnam.nc
Countries,Western Sahara,Western Sahara.nc
Countries,Yemen,Yemen.nc
Countries,Zambia,Zambia.nc
Countries,Zimbabwe,Zimbabwe.nc
